{"cameraMode":{"drawMode":0,"name":"Shaded","section":"Shading Mode"},"sceneLighting":true,"audioPlay":false,"sceneViewState":{"m_AlwaysRefresh":false,"showFog":true,"showSkybox":true,"showFlares":true,"showImageEffects":true,"showParticleSystems":true,"showVisualEffectGraphs":true,"m_FxEnabled":true},"in2DMode":false,"pivot":{"x":-2.1544997692108156,"y":67.50133514404297,"z":83.51554870605469},"rotation":{"x":0.04529167711734772,"y":0.010486998595297337,"z":-0.00047956491471268237,"w":0.9989094734191895},"size":48.01320266723633,"orthographic":false}