{"cameraMode":{"drawMode":0,"name":"Shaded","section":"Shading Mode"},"sceneLighting":true,"audioPlay":false,"sceneViewState":{"m_AlwaysRefresh":false,"showFog":true,"showSkybox":true,"showFlares":true,"showImageEffects":true,"showParticleSystems":true,"showVisualEffectGraphs":true,"m_FxEnabled":true},"in2DMode":false,"pivot":{"x":7.473067283630371,"y":95.65242767333985,"z":13.622917175292969},"rotation":{"x":0.021306823939085008,"y":0.010495444759726525,"z":-0.00022706545132678002,"w":0.999698281288147},"size":15.046005249023438,"orthographic":false}