{"cameraMode":{"drawMode":0,"name":"Shaded","section":"Shading Mode"},"sceneLighting":true,"audioPlay":false,"sceneViewState":{"m_AlwaysRefresh":false,"showFog":true,"showSkybox":true,"showFlares":true,"showImageEffects":true,"showParticleSystems":true,"showVisualEffectGraphs":true,"m_FxEnabled":true},"in2DMode":false,"pivot":{"x":1.0252145528793336,"y":1.5130820274353028,"z":-0.5568881034851074},"rotation":{"x":0.08875595778226853,"y":0.7039909958839417,"z":-0.08939655870199204,"w":0.6989420652389526},"size":4.152000904083252,"orthographic":false}